Rollno,Name,Gender,English,Maths,Science,Catogory,scholarship,Total
1,kaushik,male,70.0,90.0,100.0,a,1,260.0
10,harsh,male,74.0,77.0,98.0,a,1,249.0
4,sidhdhi,female,89.0,70.0,71.0,c,1,230.0
3,yachana,female,74.0,60.0,87.0,c,1,221.0
2,zain,male,83.0,72.0,64.38888888888889,b,0,219.38888888888889
17,jay,male,50.0,75.0,74.0,a,1,199.0
11,janvi,female,96.0,52.0,50.0,a,0,198.0
18,rahul,male,52.0,63.0,82.0,a,1,197.0
20,dilip,male,41.0,78.0,74.0,a,1,193.0
8,mansi,female,63.0,50.0,64.38888888888889,a,1,177.38888888888889
16,prakash,male,58.44444444444444,65.0,50.0,a,1,173.44444444444446
7,priya,female,58.44444444444444,55.0,50.0,a,1,163.44444444444446
15,divya,female,68.0,45.0,50.0,a,1,163.0
19,sejal,female,50.0,50.0,63.0,a,1,163.0
9,mahipat,male,28.0,85.0,50.0,a,1,163.0
14,prachi,female,50.0,60.94736842105263,50.0,a,1,160.94736842105263
6,ashish,male,45.0,50.0,60.0,a,1,155.0
5,prince,male,52.0,50.0,50.0,a,1,152.0
13,maaz,male,34.0,50.0,50.0,a,1,134.0
12,jiya,female,33.0,21.0,50.0,a,1,104.0
