Rollno,Name,Gender,English,Maths,Science,Catogory,scholarship

1,kaushik,male,70,90,80,a,yes
2,zain,male,83,72,,b,yes
3,yachana,female,74,60,87,c,yes
4,sidhdhi,female,89,70,71,c,yes
5,prince,male,52,50,50,a,yes
6,ashish,male,45,50,60,a,yes
7,priya,female,,55,50,a,yes
8,mansi,female,63,50,,a,yes
9,mahipat,male,28,85,50,a,yes
10,harsh,male,74,77,98,a,yes
11,janvi,female,96,52,50,a,no
12,jiya,female,33,21,50,a,yes
13,maaz,male,34,50,50,a,yes
14,prachi,female,50,,50,a,yes
15,divya,female,68,45,50,a,yes
16,prakash,male,,65,50,a,yes
17,jay,male,50,75,74,a,yes
18,rahul,male,52,63,82,a,yes
19,sejal,female,50,50,63,a,yes
20,dilip,male,41,78,74,a,yes
